"","position","primary.basecall","secondary.basecall"
"1",2,"C","A"
"2",3,"G","Y"
"3",4,"G","T"
"4",6,"A","T"
"5",8,"G","T"
"6",9,"A","T"
"7",10,"C","T"
"8",25,"C","G"
"9",30,"T","C"
"10",34,"C","T"
"11",36,"G","C"
"12",38,"C","T"
"13",41,"G","T"
"14",49,"A","T"
"15",50,"C","T"
"16",54,"T","A"
"17",87,"T","C"
"18",89,"T","A"
"19",90,"G","A"
"20",96,"A","C"
"21",99,"G","M"
"22",102,"G","A"
"23",108,"C","T"
"24",118,"G","T"
"25",120,"A","G"
"26",128,"C","T"
"27",131,"C","T"
"28",179,"G","C"
"29",182,"A","G"
"30",196,"T","A"
"31",207,"A","G"
"32",211,"A","T"
"33",212,"C","G"
"34",241,"A","T"
"35",246,"T","A"
